{"cameraMode":{"drawMode":0,"name":"Shaded","section":"Shading Mode"},"sceneLighting":true,"audioPlay":false,"sceneViewState":{"m_AlwaysRefresh":false,"showFog":true,"showSkybox":true,"showFlares":true,"showImageEffects":true,"showParticleSystems":true,"showVisualEffectGraphs":true,"m_FxEnabled":true},"in2DMode":false,"pivot":{"x":11.645081520080567,"y":-12.28449821472168,"z":28.677845001220704},"rotation":{"x":-0.14329347014427186,"y":-0.2143266201019287,"z":0.031795673072338107,"w":-0.9656829833984375},"size":27.825088500976564,"orthographic":false}